date,demand_gwh,capacity_mw,month,year,season,adjustedcapacity,ghi_kwh_m2_day,capacity_factor,generation_gwh,net_grid_demand_gwh,season_Autumn,season_Spring,season_Summer,season_Winter
2013-08,3581.905,5.76,8,2013,Winter,5.76,2.3194,0.096641667,0.41415206399999993,3581.490848,FALSE,FALSE,FALSE,TRUE
2013-09,3408.327,6.574,9,2013,Spring,6.574,3.7044,0.15435000000000001,0.730581768,3407.5964182320004,FALSE,TRUE,FALSE,FALSE
2013-10,3340.851,7.123,10,2013,Spring,7.123,4.721,0.19670833333333335,1.042458173,3339.808542,FALSE,TRUE,FALSE,FALSE
2013-11,3245.191,8.006,11,2013,Spring,8.006,5.6496,0.23540000000000003,1.356920928,3243.834079,FALSE,TRUE,FALSE,FALSE
2013-12,3204.698,8.62,12,2013,Summer,8.62,6.3101,0.2629208333333333,1.6861849219999998,3203.011815,FALSE,FALSE,TRUE,FALSE
2014-01,3223.176,9.34,1,2014,Summer,9.34,6.4918,0.27049166666666663,1.8796357719999999,3221.296364,FALSE,FALSE,TRUE,FALSE
2014-02,3026.522,10.333,2,2014,Summer,10.333,6.173,0.2572083333333333,1.785997052,3024.736003,FALSE,FALSE,TRUE,FALSE
2014-03,3238.699,11.487,3,2014,Autumn,11.487,4.8202,0.20084166666666667,1.716458759,3236.982541,TRUE,FALSE,FALSE,FALSE
2014-04,3160.618,12.338,4,2014,Autumn,12.338,2.5884,0.10785,0.9580703759999999,3159.65993,TRUE,FALSE,FALSE,FALSE
2014-05,3461.354,13.213,5,2014,Autumn,13.213,2.2102,0.092091667,0.9053045505999999,3460.448695,TRUE,FALSE,FALSE,FALSE
2014-06,3462.707,14.306,6,2014,Winter,14.306,1.5091,0.062879167,0.647675538,3462.059324,FALSE,FALSE,FALSE,TRUE
2014-07,3765.319,15.466,7,2014,Winter,15.466,1.9294,0.080391667,0.9250431123999999,3764.393957,FALSE,FALSE,FALSE,TRUE
2014-08,3733.518,16.588,8,2014,Winter,16.588,2.7679,0.11532916666666666,1.423331681,3732.094668,FALSE,FALSE,FALSE,TRUE
2014-09,3432.844,17.642,9,2014,Spring,17.63793,3.8251,0.15937916666666666,2.024005381,3430.819995,FALSE,TRUE,FALSE,FALSE
2014-10,3462.069,19.14,10,2014,Spring,19.133185,5.4271,0.2261291666666667,3.2189689577185003,3458.8500310422814,FALSE,TRUE,FALSE,FALSE
2014-11,3326.752,20.887,11,2014,Spring,20.87577,6.5443,0.27267916666666664,4.098519048329999,3322.6534809516697,FALSE,TRUE,FALSE,FALSE
2014-12,3308.481,22.085,12,2014,Summer,22.070700000000002,6.1056,0.2544,4.177400844,3304.3035991564802,FALSE,FALSE,TRUE,FALSE
2015-01,3318.979,23.132,1,2015,Summer,23.1141,7.3565,0.3065208333333333,5.271205176,3313.707795,FALSE,FALSE,TRUE,FALSE
2015-02,3053.446,24.141,2,2015,Summer,24.118135,6.2263,0.25942916666666666,4.204668831,3049.241331169386,FALSE,FALSE,TRUE,FALSE
2015-03,3325.737,25.226,3,2015,Autumn,25.197364999999998,4.4791,0.18662916666666665,3.4987070447164994,3322.2382929552837,TRUE,FALSE,FALSE,FALSE
2015-04,3221.613,26.195,4,2015,Autumn,26.162110000000002,2.8596,0.11914999999999999,2.2443950926800005,3219.368605,TRUE,FALSE,FALSE,FALSE
2015-05,3520.935,27.167,5,2015,Autumn,27.129735,2.2608,0.0942,1.9013820515280002,3519.033617948472,TRUE,FALSE,FALSE,FALSE
2015-06,3597.753,28.547,6,2015,Winter,28.50427,1.6382,0.068258333,1.4008708534200003,3596.352129,FALSE,FALSE,FALSE,TRUE
2015-07,3823.943,30.104,7,2015,Winter,30.05547,1.9075,0.079479167,1.7772550797750002,3822.1657449202253,FALSE,FALSE,FALSE,TRUE
2015-08,3787.99,31.532,8,2015,Winter,31.47786,2.5502,0.10625833333333333,2.4885199957319997,3785.5014800042677,FALSE,FALSE,FALSE,TRUE
2015-09,3541.191,33.101,9,2015,Spring,33.04159,4.0327,0.16802916666666667,3.9974045997900003,3537.1935954002097,FALSE,TRUE,FALSE,FALSE
2015-10,3459.358,34.194,10,2015,Spring,34.127100000000006,5.4823,0.22842916666666668,5.799945010230001,3453.558055,FALSE,TRUE,FALSE,FALSE
2015-11,3344.092,35.632,11,2015,Spring,35.556365,6.365,0.2652083333333333,6.789487897,3337.302512,FALSE,TRUE,FALSE,FALSE
2015-12,3349.053,37.45,12,2015,Summer,37.368375,7.0706,0.2946083333333333,8.190721800524999,3340.862278199475,FALSE,FALSE,TRUE,FALSE
2016-01,3244.064,38.376,1,2016,Summer,38.289139999999996,6.2045,0.25852083333333337,7.364514043030001,3236.699486,FALSE,FALSE,TRUE,FALSE
2016-02,3143.102,39.957,2,2016,Summer,39.865095000000004,6.4666,0.26944166666666663,7.475957076483001,3135.6260429235167,FALSE,FALSE,TRUE,FALSE
2016-03,3339.252,41.123,3,2016,Autumn,41.02567,4.6985,0.19577083333333334,5.9755324253449995,3333.276467574655,TRUE,FALSE,FALSE,FALSE
2016-04,3188.037,42.366,4,2016,Autumn,42.263825,3.5614,0.14839166666666667,4.5155515906499994,3183.521448,TRUE,FALSE,FALSE,FALSE
2016-05,3441.136,43.654,5,2016,Autumn,43.546965,1.9771,0.082379167,2.66899784,3438.4670021604534,TRUE,FALSE,FALSE,FALSE
2016-06,3519.591,45.079,6,2016,Winter,44.965065,1.6135,0.067229167,2.176533971,3517.4144660286747,FALSE,FALSE,FALSE,TRUE
2016-07,3735.552,46.245,7,2016,Winter,46.123279999999994,1.9754,0.082308333,2.8244697466719995,3732.727530253328,FALSE,FALSE,FALSE,TRUE
2016-08,3830.303,47.671,8,2016,Winter,47.542139999999996,2.7542,0.11475833333333334,4.059157422,3826.243842578372,FALSE,FALSE,FALSE,TRUE
2016-09,3460.877,49.013,9,2016,Spring,48.876295,3.5614,0.14839166666666667,5.222041110389999,3455.654959,FALSE,TRUE,FALSE,FALSE
2016-10,3350.668,50.573,10,2016,Spring,50.43083,5.2615,0.21922916666666667,8.225596173,3342.442403826605,FALSE,TRUE,FALSE,FALSE
2016-11,3228.169,51.934,11,2016,Spring,51.784639999999996,5.6088,0.2337,8.713490665,3219.455509,FALSE,TRUE,FALSE,FALSE
2016-12,3266.511,53.282,12,2016,Summer,53.123549999999994,6.6062,0.2752583333333333,10.879288676309999,3255.631711,FALSE,FALSE,TRUE,FALSE
2017-01,3255.406,54.194,1,2017,Summer,54.03092,6.5568,0.2732,10.98236802,3244.423631976064,FALSE,FALSE,TRUE,FALSE
2017-02,3068.127,55.266,2,2017,Summer,55.095015,5.6882,0.23700833333333335,8.774961001,3059.352038998956,FALSE,FALSE,TRUE,FALSE
2017-03,3322.395,56.645,3,2017,Autumn,56.468185000000005,4.3466,0.18110833333333332,7.608783000550999,3314.786216999449,TRUE,FALSE,FALSE,FALSE
2017-04,3195.343,57.825,4,2017,Autumn,57.64197,2.7607,0.11502916666666667,4.773965597,3190.5690344026298,TRUE,FALSE,FALSE,FALSE
2017-05,3614.43,59.019,5,2017,Autumn,58.82953,2.2481,0.093670833,4.099894658,3610.3301053418168,TRUE,FALSE,FALSE,FALSE
2017-06,3600.271,60.942,6,2017,Winter,60.745405,1.7719,0.073829167,3.229043494,3597.0419565064153,FALSE,FALSE,FALSE,TRUE
2017-07,3835.736,62.638,7,2017,Winter,62.435575,1.8122,0.075508333,3.5075182194649996,3832.228481780535,FALSE,FALSE,FALSE,TRUE
2017-08,3742.608,64.411,8,2017,Winter,64.201445,2.5169,0.10487083333333334,5.009247124535501,3737.5987528754645,FALSE,FALSE,FALSE,TRUE
2017-09,3464.129,65.897,9,2017,Spring,65.680735,3.4598,0.14415833333333333,6.8172662085899995,3457.311734,FALSE,TRUE,FALSE,FALSE
2017-10,3388.688,67.604,10,2017,Spring,67.379935,5.0534,0.21055833333333332,10.55543067,3378.132569330601,FALSE,TRUE,FALSE,FALSE
2017-11,3340.395,69.524,11,2017,Spring,69.29313,6.3917,0.26632083333333334,13.287026970630002,3327.107973,FALSE,TRUE,FALSE,FALSE
2017-12,3342.395,71.029,12,2017,Summer,70.79138999999999,7.4808,0.31170000000000003,16.41686314,3325.978136860328,FALSE,FALSE,TRUE,FALSE
2018-01,3300.396,72.344,1,2018,Summer,72.10182999999999,5.975,0.2489583333333333,13.355061461749997,3287.040939,FALSE,FALSE,TRUE,FALSE
2018-02,2988.547,73.778,2,2018,Summer,73.53047000000001,5.4494,0.22705833333333333,11.219514410104003,2977.3274855898962,FALSE,FALSE,TRUE,FALSE
2018-03,3248.978,75.396,3,2018,Autumn,75.141575,4.3166,0.17985833333333334,10.055039801995001,3238.922960198005,TRUE,FALSE,FALSE,FALSE
2018-04,3278.205,76.67,4,2018,Autumn,76.40967500000001,3.0204,0.12585,6.923633471,3271.281367,TRUE,FALSE,FALSE,FALSE
2018-05,3601.134,78.247,5,2018,Autumn,77.980705,2.0263,0.084429167,4.8983813787865005,3596.2356186212137,TRUE,FALSE,FALSE,FALSE
2018-06,3715.167,79.679,6,2018,Winter,79.40309,1.6428,0.06845,3.913301888,3711.253698,FALSE,FALSE,FALSE,TRUE
2018-07,3833.062,81.38,7,2018,Winter,81.09561,1.7616,0.0734,4.428598824,3828.6334011761437,FALSE,FALSE,FALSE,TRUE
2018-08,3791.038,82.905,8,2018,Winter,82.611745,2.5459,0.10607916666666667,6.5199584894605005,3784.5180415105397,FALSE,FALSE,FALSE,TRUE
2018-09,3509.119,85.177,9,2018,Spring,84.876315,4.175,0.17395833333333333,10.630758453750001,3498.4882415462503,FALSE,TRUE,FALSE,FALSE
2018-10,3464.87,87.72,10,2018,Spring,87.41078,5.3114,0.22130833333333333,14.39248212,3450.477517876348,FALSE,TRUE,FALSE,FALSE
2018-11,3251.854,90.216,11,2018,Spring,89.89717999999999,5.7686,0.24035833333333334,15.55742618,3236.296574,FALSE,TRUE,FALSE,FALSE
2018-12,3190.955,92.027,12,2018,Summer,91.700655,6.0422,0.25175833333333336,17.176284626871002,3173.7787153731288,FALSE,FALSE,TRUE,FALSE
2019-01,3363.815,93.44,1,2019,Summer,93.10708,7.5355,0.31397916666666664,21.74986044,3342.06514,FALSE,FALSE,TRUE,FALSE
2019-02,3128.506,95.128,2,2019,Summer,94.78791,6.6439,0.2768291666666667,17.633319066972003,3110.872680933028,FALSE,FALSE,TRUE,FALSE
2019-03,3362.934,97.308,3,2019,Autumn,96.95982000000001,4.3183,0.17992916666666667,12.979749311886001,3349.9542506881144,TRUE,FALSE,FALSE,FALSE
2019-04,3286.328,99.496,4,2019,Autumn,99.14144999999999,3.3058,0.13774166666666668,9.832254162,3276.495746,TRUE,FALSE,FALSE,FALSE
2019-05,3527.979,102.166,5,2019,Autumn,101.80356499999999,2.2757,0.094820833,7.181905559,3520.7970944410145,TRUE,FALSE,FALSE,FALSE
2019-06,3644.598,103.799,6,2019,Winter,103.429405,1.7102,0.071258333,5.3065490529299995,3639.2914509470697,FALSE,FALSE,FALSE,TRUE
2019-07,3793.271,105.861,7,2019,Winter,105.4829,1.6142,0.067258333,5.2783854125800005,3787.992615,FALSE,FALSE,FALSE,TRUE
2019-08,3882.795,107.583,8,2019,Winter,107.197275,2.7614,0.11505833333333333,9.176451211,3873.618548789265,FALSE,FALSE,FALSE,TRUE
2019-09,3555.084,109.466,9,2019,Spring,109.06891499999999,3.8381,0.15992083333333332,12.55852208,3542.525477920155,FALSE,TRUE,FALSE,FALSE
2019-10,3516.429,111.738,10,2019,Spring,111.3282,5.2375,0.21822916666666667,18.07552487,3498.353475,FALSE,TRUE,FALSE,FALSE
2019-11,3290.908,113.835,11,2019,Spring,113.41272,6.2834,0.26180833333333337,21.37852455,3269.529475,FALSE,TRUE,FALSE,FALSE
2019-12,3348.963,116.012,12,2019,Summer,115.580665,6.3677,0.26532083333333334,22.815473016135495,3326.1475269838647,FALSE,FALSE,TRUE,FALSE
2020-01,3392.296,117.849,1,2020,Summer,117.4106,7.061,0.29420833333333335,25.700123644600005,3366.595876,FALSE,FALSE,TRUE,FALSE
2020-02,3212.346,119.854,2,2020,Summer,119.40716,6.0425,0.25177083333333333,20.924015164700002,3191.421985,FALSE,FALSE,TRUE,FALSE
2020-03,3296.679,121.525,3,2020,Autumn,121.06726,4.5859,0.19107916666666666,17.211272776654003,3279.467727223346,TRUE,FALSE,FALSE,FALSE
2020-04,2834.598,124.871,4,2020,Autumn,124.40231999999999,3.42,0.1425,12.763678031999998,2821.834322,TRUE,FALSE,FALSE,FALSE
2020-05,3508.203,126.885,5,2020,Autumn,126.40297000000001,2.142,0.08925,8.393410014,3499.80959,TRUE,FALSE,FALSE,FALSE
2020-06,3601.587,129.421,6,2020,Winter,128.930805,1.5576,0.0649,6.024678656,3595.562321,FALSE,FALSE,FALSE,TRUE
2020-07,3885.162,132.258,7,2020,Winter,131.757495,1.8828,0.07845,7.690263359166002,3877.471736640834,FALSE,FALSE,FALSE,TRUE
2020-08,3746.627,135.09,8,2020,Winter,134.580885,2.7761,0.11567083333333333,11.581909840303501,3735.0450901596964,FALSE,FALSE,FALSE,TRUE
2020-09,3557.671,137.881,9,2020,Spring,137.36247,4.0798,0.16999166666666665,16.81234215,3540.858658,FALSE,TRUE,FALSE,FALSE
2020-10,3524.138,141.31,10,2020,Spring,140.78011,4.6879,0.19532916666666666,20.45885541,3503.679144592261,FALSE,TRUE,FALSE,FALSE
2020-11,3282.677,144.009,11,2020,Spring,143.46862499999997,5.1967,0.21652916666666666,22.366902106124996,3260.310097893875,FALSE,TRUE,FALSE,FALSE
2020-12,3319.776,147.065,12,2020,Summer,146.51373999999998,6.5496,0.2729,29.747798136623995,3290.0282018633757,FALSE,FALSE,TRUE,FALSE
2021-01,3251.758,150.839,1,2021,Summer,150.278555,6.9571,0.28987916666666663,32.41059098,3219.3474090152945,FALSE,FALSE,TRUE,FALSE
2021-02,3065.085,153.437,2,2021,Summer,152.86653,6.2957,0.26232083333333334,26.947250761788005,3038.137749238212,FALSE,FALSE,TRUE,FALSE
2021-03,3367.803,157.455,3,2021,Autumn,156.87617500000002,4.3548,0.18145,21.178095373590004,3346.6249046264097,TRUE,FALSE,FALSE,FALSE
2021-04,3271.144,160.484,4,2021,Autumn,159.88844500000002,3.1505,0.13127083333333334,15.111856379175002,3256.0321436208246,TRUE,FALSE,FALSE,FALSE
2021-05,3613.144,164.948,5,2021,Autumn,164.342375,2.1266,0.088608333,10.83420533,3602.3097946650746,TRUE,FALSE,FALSE,FALSE
2021-06,3620.248,170.265,6,2021,Winter,169.646695,1.4455,0.060229167,7.356728929,3612.8912710713253,FALSE,FALSE,FALSE,TRUE
2021-07,3911.043,173.856,7,2021,Winter,173.22351,1.8528,0.0772,9.949404099168001,3901.093595900832,FALSE,FALSE,FALSE,TRUE
2021-08,3735.518,176.161,8,2021,Winter,175.51435,2.5018,0.10424166666666666,13.61215583,3721.905844,FALSE,FALSE,FALSE,TRUE
2021-09,3500.675,179.197,9,2021,Spring,178.536395,3.8712,0.1613,20.73450277,3479.940497,FALSE,TRUE,FALSE,FALSE
2021-10,3417.332,183.165,10,2021,Spring,182.48725,5.0006,0.20835833333333334,28.28891801,3389.043082,FALSE,TRUE,FALSE,FALSE
2021-11,3283.579,189.047,11,2021,Spring,188.355755,6.0041,0.25017083333333334,33.92720365786499,3249.651796342135,FALSE,TRUE,FALSE,FALSE
2021-12,3250.744,194.042,12,2021,Summer,193.335475,5.8798,0.2449916666666667,35.239991703055004,3215.5040082969454,FALSE,FALSE,TRUE,FALSE
2022-01,3309.088,198.673,1,2022,Summer,197.947605,7.5034,0.31264166666666665,46.043681840066995,3263.044318159933,FALSE,FALSE,TRUE,FALSE
2022-02,2994.316,204.008,2,2022,Summer,203.26961500000002,4.6781,0.19492083333333332,26.625636406082002,2967.690363593918,FALSE,FALSE,TRUE,FALSE
2022-03,3322.279,210.315,3,2022,Autumn,209.556525,4.9358,0.20565833333333336,32.06420197894501,3290.214798021055,TRUE,FALSE,FALSE,FALSE
2022-04,3193.306,215.702,4,2022,Autumn,214.92838,3.4675,0.14447916666666666,22.35792473,3170.948075,TRUE,FALSE,FALSE,FALSE
2022-05,3506.596,221.584,5,2022,Autumn,220.78806,2.1689,0.090370833,14.84488392,3491.751116076646,TRUE,FALSE,FALSE,FALSE
2022-06,3626.541,226.452,6,2022,Winter,225.62947499999999,1.4856,0.061900000000000004,10.05585444,3616.485146,FALSE,FALSE,FALSE,TRUE
2022-07,3867.454,231.827,7,2022,Winter,230.98651999999998,1.5749,0.065620833,11.27720078,3856.176799219212,FALSE,FALSE,FALSE,TRUE
2022-08,3819.744,238.979,8,2022,Winter,238.12699500000002,2.472,0.103,18.248147880839998,3801.495852,FALSE,FALSE,FALSE,TRUE
2022-09,3555.607,245.994,9,2022,Spring,245.126815,3.5498,0.14790833333333334,26.10453504,3529.502465,FALSE,TRUE,FALSE,FALSE
2022-10,3525.041,251.225,10,2022,Spring,250.337975,5.0885,0.21202083333333333,39.489188359412495,3485.551811640588,FALSE,TRUE,FALSE,FALSE
2022-11,3235.236,258.512,11,2022,Spring,257.595565,5.9143,0.24642916666666667,45.70492350238501,3189.531076497615,FALSE,TRUE,FALSE,FALSE
2022-12,3235.09,264.673,12,2022,Summer,263.73159,6.5539,0.27307916666666665,53.582584498730995,3181.507415501269,FALSE,FALSE,TRUE,FALSE
2023-01,3269.629,268.532,1,2023,Summer,267.567435,6.0946,0.2539416666666667,50.55221117,3219.076788830119,FALSE,FALSE,TRUE,FALSE
2023-02,2987.939,273.789,2,2023,Summer,272.79776,5.3189,0.22162083333333335,40.627552158591996,2947.3114478414077,FALSE,FALSE,TRUE,FALSE
2023-03,3262.319,273.097,3,2023,Autumn,272.07422499999996,4.8166,0.20069166666666668,40.624654076184996,3221.694345923815,TRUE,FALSE,FALSE,FALSE
2023-04,3181.89,279.096,4,2023,Autumn,278.04629,3.0022,0.12509166666666668,25.04251716,3156.8474828448598,TRUE,FALSE,FALSE,FALSE
2023-05,3560.963,286.464,5,2023,Autumn,285.38488,1.7897,0.074570833,15.833352911816002,3545.1296470881844,TRUE,FALSE,FALSE,FALSE
2023-06,3637.72,293.046,6,2023,Winter,291.94254,1.7189,0.071620833,15.054600960180002,3622.665399,FALSE,FALSE,FALSE,TRUE
2023-07,3827.678,299.186,7,2023,Winter,298.055665,2.0642,0.086008333,19.07264161,3808.605358385517,FALSE,FALSE,FALSE,TRUE
2023-08,3993.595,307.013,8,2023,Winter,305.846905,2.9635,0.12347916666666665,28.097696391992496,3965.4973036080073,FALSE,FALSE,FALSE,TRUE
2023-09,3491.753,313.393,9,2023,Spring,312.19183,3.69,0.15375,34.55963558,3457.1933644190003,FALSE,TRUE,FALSE,FALSE
2023-10,3469.892,322.556,10,2023,Spring,321.328675,5.5906,0.23294166666666669,55.68902280410501,3414.2029771958946,FALSE,TRUE,FALSE,FALSE
2023-11,3276.31,371.545,11,2023,Spring,370.28124,6.1334,0.25555833333333333,68.13248872,3208.177511,FALSE,TRUE,FALSE,FALSE
2023-12,3335.208,378.681,12,2023,Summer,377.386435,6.2714,0.2613083333333333,73.36897994222899,3261.839020057771,FALSE,FALSE,TRUE,FALSE
2024-01,3381.988,384.136,1,2024,Summer,382.82214000000005,7.327,0.3052916666666667,86.95307241318001,3295.034928,FALSE,FALSE,TRUE,FALSE
2024-02,3225.503,391.712,2,2024,Summer,390.371855,6.4841,0.2701708333333333,73.40509420515949,3152.0979057948407,FALSE,FALSE,TRUE,FALSE
2024-03,3393.597,399.956,3,2024,Autumn,398.61931500000003,4.8283,0.20117916666666666,59.6642628,3333.9327372029506,TRUE,FALSE,FALSE,FALSE
2024-04,3324.081,409.551,4,2024,Autumn,408.18432,3.0804,0.12835,37.721129379839994,3286.359871,TRUE,FALSE,FALSE,FALSE
2024-05,3795.879,426.317,5,2024,Autumn,424.91348,2.3741,0.098920833,31.27239988,3764.606600121092,TRUE,FALSE,FALSE,FALSE
2024-06,3581.222,434.52,6,2024,Winter,433.08357,1.5528,0.0647,20.17476502,3561.0472349751203,FALSE,FALSE,FALSE,TRUE
2024-07,3918.073,442.573,7,2024,Winter,441.10587,1.9471,0.081129167,26.625194423786997,3891.447805576213,FALSE,FALSE,FALSE,TRUE
2024-08,3753.759,449.691,8,2024,Winter,448.184735,2.7017,0.11257083333333334,37.536681655034506,3716.2223183449655,FALSE,FALSE,FALSE,TRUE
2024-09,3374.047,461.315,9,2024,Spring,459.776835,4.0356,0.16815,55.66426186,3318.382738,FALSE,TRUE,FALSE,FALSE
2024-10,3352.731,475.766,10,2024,Spring,474.18202,4.7482,0.19784166666666667,69.79684309,3282.9341569117164,FALSE,TRUE,FALSE,FALSE
2024-11,3241.362,532.703,11,2024,Spring,530.874075,5.9784,0.2491,95.21332709939999,3146.148673,FALSE,TRUE,FALSE,FALSE
2024-12,3288.483,565.006,12,2024,Summer,563.141395,6.8789,0.2866208333333333,120.0875936040305,3168.3954063959695,FALSE,FALSE,TRUE,FALSE
2025-01,3198.049,572.114,1,2025,Summer,570.22212,6.3631,0.2651291666666667,112.47979152493203,3085.569208475068,FALSE,FALSE,TRUE,FALSE
2025-02,3056.595,581.608,2,2025,Summer,579.67824,6.0958,0.25399166666666667,98.94087323,2957.6541267690236,FALSE,FALSE,TRUE,FALSE
2025-03,3293.264,606.036,3,2025,Autumn,604.0650199999999,4.997,0.20820833333333333,93.57390005313998,3199.6900999468603,TRUE,FALSE,FALSE,FALSE
2025-04,3210.584,614.637,4,2025,Autumn,612.6180449999999,2.7708,0.11545,50.92326237257999,3159.6607376274196,TRUE,FALSE,FALSE,FALSE
2025-05,3557.976,646.856,5,2025,Autumn,644.753215,2.1454,0.089391667,42.880859971290995,3515.095140028709,TRUE,FALSE,FALSE,FALSE
2025-06,3620.103,656.155,6,2025,Winter,654.0111999999999,1.577,0.065708333,30.941269871999992,3589.1617301280003,FALSE,FALSE,FALSE,TRUE
2025-07,3895.739,685.126,7,2025,Winter,682.941935,1.8127,0.075529167,38.37703421280949,3857.3619657871905,FALSE,FALSE,FALSE,TRUE
2025-08,3962.031,737.497,8,2025,Winter,735.277345,3.0276,0.12615,69.00989638,3893.021103618618,FALSE,FALSE,FALSE,TRUE
2025-09,3593.85,772.184,9,2025,Spring,769.906225,4.0454,0.16855833333333334,93.43735927844999,3500.412641,FALSE,TRUE,FALSE,FALSE
2025-10,3526.649,791.118,10,2025,Spring,788.7679700000001,5.0993,0.21247083333333336,124.68709979205104,3401.961900207949,FALSE,TRUE,FALSE,FALSE
2025-11,3374.963,835.716,11,2025,Spring,833.081285,6.4058,0.26690833333333336,160.0965629,3214.8664371364102,FALSE,TRUE,FALSE,FALSE
