,capacity_mw,month,year,season,mwincrease,decay,sumdecay,adjustedcapacity,ghi_kwh_m2_day,capacity_factor,generation_gwh,Price ($/MWh),price_GWh,pricespike,pricevolatility,pricesmooth
2014-01,9.34,1,2014,Summer,0.7200000000000006,,,9.34,6.9958,0.29149166666666665,2.025563932,47.37,0.047369999999999995,False,,
2014-01,9.34,1,2014,Summer,0.7200000000000006,,,9.34,6.9958,0.29149166666666665,2.025563932,62.24,0.062240000000000004,False,,
2014-01,9.34,1,2014,Summer,0.7200000000000006,,,9.34,6.9958,0.29149166666666665,2.025563932,120.46,0.12046,False,,
2014-01,9.34,1,2014,Summer,0.7200000000000006,,,9.34,6.9958,0.29149166666666665,2.025563932,121.82,0.12182,False,,
2014-01,9.34,1,2014,Summer,0.7200000000000006,,,9.34,6.9958,0.29149166666666665,2.025563932,96.43,0.09643,False,,
2014-01,9.34,1,2014,Summer,0.7200000000000006,,,9.34,6.9958,0.29149166666666665,2.025563932,61.78,0.06178,False,,
2014-01,9.34,1,2014,Summer,0.7200000000000006,,,9.34,6.9958,0.29149166666666665,2.025563932,51.81,0.05181,False,,
2014-01,9.34,1,2014,Summer,0.7200000000000006,,,9.34,6.9958,0.29149166666666665,2.025563932,58.6,0.0586,False,,
2014-01,9.34,1,2014,Summer,0.7200000000000006,,,9.34,6.9958,0.29149166666666665,2.025563932,69.53,0.06953,False,,
2014-01,9.34,1,2014,Summer,0.7200000000000006,,,9.34,6.9958,0.29149166666666665,2.025563932,57.32,0.05732,False,,
2014-01,9.34,1,2014,Summer,0.7200000000000006,,,9.34,6.9958,0.29149166666666665,2.025563932,68.09,0.06809,False,,
2014-01,9.34,1,2014,Summer,0.7200000000000006,,,9.34,6.9958,0.29149166666666665,2.025563932,73.83,0.07382999999999999,False,0.3090420709239291,0.07410666666666667
2015-01,23.132,1,2015,Summer,1.0470000000000006,0.0036000000000000034,0.017900000000000003,23.1141,7.9085,0.3295208333333333,5.66673365535,84.71,0.08471,False,0.28512141772650224,0.07721833333333333
2015-01,23.132,1,2015,Summer,1.0470000000000006,0.0036000000000000034,0.017900000000000003,23.1141,7.9085,0.3295208333333333,5.66673365535,100.37,0.10037,False,0.2915550712839623,0.08039583333333333
2015-01,23.132,1,2015,Summer,1.0470000000000006,0.0036000000000000034,0.017900000000000003,23.1141,7.9085,0.3295208333333333,5.66673365535,93.71,0.09370999999999999,False,0.2645361703381221,0.07816666666666666
2015-01,23.132,1,2015,Summer,1.0470000000000006,0.0036000000000000034,0.017900000000000003,23.1141,7.9085,0.3295208333333333,5.66673365535,82.28,0.08228,False,0.22096714184445107,0.07487166666666666
2015-01,23.132,1,2015,Summer,1.0470000000000006,0.0036000000000000034,0.017900000000000003,23.1141,7.9085,0.3295208333333333,5.66673365535,83.78,0.08378000000000001,False,0.20841168626766945,0.0738175
2015-01,23.132,1,2015,Summer,1.0470000000000006,0.0036000000000000034,0.017900000000000003,23.1141,7.9085,0.3295208333333333,5.66673365535,51.44,0.05144,False,0.22693632098268768,0.07295583333333333
2015-01,23.132,1,2015,Summer,1.0470000000000006,0.0036000000000000034,0.017900000000000003,23.1141,7.9085,0.3295208333333333,5.66673365535,48.66,0.048659999999999995,False,0.23551107281384354,0.07269333333333333
2015-01,23.132,1,2015,Summer,1.0470000000000006,0.0036000000000000034,0.017900000000000003,23.1141,7.9085,0.3295208333333333,5.66673365535,52.63,0.05263,False,0.2452560250293965,0.07219583333333333
2015-01,23.132,1,2015,Summer,1.0470000000000006,0.0036000000000000034,0.017900000000000003,23.1141,7.9085,0.3295208333333333,5.66673365535,53.95,0.053950000000000005,False,0.25690991320830514,0.0708975
2015-01,23.132,1,2015,Summer,1.0470000000000006,0.0036000000000000034,0.017900000000000003,23.1141,7.9085,0.3295208333333333,5.66673365535,57.97,0.05797,False,0.2562011355019289,0.07095166666666666
2015-01,23.132,1,2015,Summer,1.0470000000000006,0.0036000000000000034,0.017900000000000003,23.1141,7.9085,0.3295208333333333,5.66673365535,59.24,0.05924,False,0.2598865064815301,0.07021416666666666
2015-01,23.132,1,2015,Summer,1.0470000000000006,0.0036000000000000034,0.017900000000000003,23.1141,7.9085,0.3295208333333333,5.66673365535,68.21,0.06820999999999999,False,0.2586390811344024,0.06974583333333333
2016-01,38.376,1,2016,Summer,0.9259999999999948,0.005235000000000003,0.08686,38.289139999999996,6.8935,0.2872291666666667,8.182331784290001,73.42,0.07342,False,0.2504798349260283,0.068805
2016-01,38.376,1,2016,Summer,0.9259999999999948,0.005235000000000003,0.08686,38.289139999999996,6.8935,0.2872291666666667,8.182331784290001,70.78,0.07078,False,0.21695634921771487,0.06633916666666666
2016-01,38.376,1,2016,Summer,0.9259999999999948,0.005235000000000003,0.08686,38.289139999999996,6.8935,0.2872291666666667,8.182331784290001,67.62,0.06762,False,0.18480430175743176,0.064165
2016-01,38.376,1,2016,Summer,0.9259999999999948,0.005235000000000003,0.08686,38.289139999999996,6.8935,0.2872291666666667,8.182331784290001,60.23,0.06023,False,0.1651234126246001,0.0623275
2016-01,38.376,1,2016,Summer,0.9259999999999948,0.005235000000000003,0.08686,38.289139999999996,6.8935,0.2872291666666667,8.182331784290001,67.13,0.06713,False,0.13758776550492124,0.06094
2016-01,38.376,1,2016,Summer,0.9259999999999948,0.005235000000000003,0.08686,38.289139999999996,6.8935,0.2872291666666667,8.182331784290001,57.75,0.05775,False,0.12908188718091268,0.06146583333333333
2016-01,38.376,1,2016,Summer,0.9259999999999948,0.005235000000000003,0.08686,38.289139999999996,6.8935,0.2872291666666667,8.182331784290001,56.57,0.05657,False,0.1111849567480044,0.06212499999999999
2016-01,38.376,1,2016,Summer,0.9259999999999948,0.005235000000000003,0.08686,38.289139999999996,6.8935,0.2872291666666667,8.182331784290001,59.03,0.05903,False,0.1005855809926316,0.06265833333333333
2016-01,38.376,1,2016,Summer,0.9259999999999948,0.005235000000000003,0.08686,38.289139999999996,6.8935,0.2872291666666667,8.182331784290001,53.27,0.053270000000000005,False,0.10229954631911375,0.06260166666666665
2016-01,38.376,1,2016,Summer,0.9259999999999948,0.005235000000000003,0.08686,38.289139999999996,6.8935,0.2872291666666667,8.182331784290001,51.46,0.05146,False,0.11492602327336544,0.062059166666666665
2016-01,38.376,1,2016,Summer,0.9259999999999948,0.005235000000000003,0.08686,38.289139999999996,6.8935,0.2872291666666667,8.182331784290001,47.18,0.04718,False,0.13856287943423967,0.061054166666666666
2016-01,38.376,1,2016,Summer,0.9259999999999948,0.005235000000000003,0.08686,38.289139999999996,6.8935,0.2872291666666667,8.182331784290001,44.95,0.044950000000000004,False,0.15694150356563857,0.05911583333333333
2017-01,54.194,1,2017,Summer,0.9120000000000061,0.004629999999999974,0.16307999999999995,54.03092,6.6156,0.27565,11.080855584912,41.6,0.0416,False,0.16729479567828948,0.05646416666666667
2017-01,54.194,1,2017,Summer,0.9120000000000061,0.004629999999999974,0.16307999999999995,54.03092,6.6156,0.27565,11.080855584912,48.37,0.048369999999999996,False,0.15345942930605092,0.05459666666666666
2017-01,54.194,1,2017,Summer,0.9120000000000061,0.004629999999999974,0.16307999999999995,54.03092,6.6156,0.27565,11.080855584912,49.93,0.04993,False,0.13721165986468745,0.053122499999999996
2017-01,54.194,1,2017,Summer,0.9120000000000061,0.004629999999999974,0.16307999999999995,54.03092,6.6156,0.27565,11.080855584912,51.0,0.051,False,0.13066893652925024,0.052353333333333335
2017-01,54.194,1,2017,Summer,0.9120000000000061,0.004629999999999974,0.16307999999999995,54.03092,6.6156,0.27565,11.080855584912,43.37,0.04337,False,0.11226608290126575,0.05037333333333333
2017-01,54.194,1,2017,Summer,0.9120000000000061,0.004629999999999974,0.16307999999999995,54.03092,6.6156,0.27565,11.080855584912,66.12,0.06612,False,0.13279617815770786,0.051070833333333336
2017-01,54.194,1,2017,Summer,0.9120000000000061,0.004629999999999974,0.16307999999999995,54.03092,6.6156,0.27565,11.080855584912,115.75,0.11575,False,0.2733738283588367,0.056002500000000004
2017-01,54.194,1,2017,Summer,0.9120000000000061,0.004629999999999974,0.16307999999999995,54.03092,6.6156,0.27565,11.080855584912,142.42,0.14242,False,0.3928480460902717,0.06295166666666667
2017-01,54.194,1,2017,Summer,0.9120000000000061,0.004629999999999974,0.16307999999999995,54.03092,6.6156,0.27565,11.080855584912,85.16,0.08516,False,0.4069640826891715,0.06560916666666668
2017-01,54.194,1,2017,Summer,0.9120000000000061,0.004629999999999974,0.16307999999999995,54.03092,6.6156,0.27565,11.080855584912,56.28,0.056280000000000004,False,0.40465138404763945,0.06601083333333334
2017-01,54.194,1,2017,Summer,0.9120000000000061,0.004629999999999974,0.16307999999999995,54.03092,6.6156,0.27565,11.080855584912,56.54,0.05654,False,0.39777501232112594,0.06679083333333334
2017-01,54.194,1,2017,Summer,0.9120000000000061,0.004629999999999974,0.16307999999999995,54.03092,6.6156,0.27565,11.080855584912,98.94,0.09894,False,0.4062445098331963,0.07128999999999999
2018-01,72.344,1,2018,Summer,1.3149999999999977,0.004560000000000031,0.24216999999999994,72.10182999999999,6.5962,0.27484166666666665,14.743540822425997,124.18,0.12418000000000001,False,0.41685309593182335,0.07817166666666667
2018-01,72.344,1,2018,Summer,1.3149999999999977,0.004560000000000031,0.24216999999999994,72.10182999999999,6.5962,0.27484166666666665,14.743540822425997,120.39,0.12039,False,0.42085953427756134,0.08417333333333334
2018-01,72.344,1,2018,Summer,1.3149999999999977,0.004560000000000031,0.24216999999999994,72.10182999999999,6.5962,0.27484166666666665,14.743540822425997,66.24,0.06624,False,0.4013332804728465,0.08553250000000001
2018-01,72.344,1,2018,Summer,1.3149999999999977,0.004560000000000031,0.24216999999999994,72.10182999999999,6.5962,0.27484166666666665,14.743540822425997,61.69,0.061689999999999995,False,0.3856346229427022,0.08642333333333334
2018-01,72.344,1,2018,Summer,1.3149999999999977,0.004560000000000031,0.24216999999999994,72.10182999999999,6.5962,0.27484166666666665,14.743540822425997,60.19,0.06019,False,0.34725888658372656,0.087825
2018-01,72.344,1,2018,Summer,1.3149999999999977,0.004560000000000031,0.24216999999999994,72.10182999999999,6.5962,0.27484166666666665,14.743540822425997,58.43,0.05843,False,0.35634809334163553,0.08718416666666667
2018-01,72.344,1,2018,Summer,1.3149999999999977,0.004560000000000031,0.24216999999999994,72.10182999999999,6.5962,0.27484166666666665,14.743540822425997,99.12,0.09912,False,0.3454437792920938,0.08579833333333332
2018-01,72.344,1,2018,Summer,1.3149999999999977,0.004560000000000031,0.24216999999999994,72.10182999999999,6.5962,0.27484166666666665,14.743540822425997,77.16,0.07715999999999999,False,0.2965251294690625,0.08036
2018-01,72.344,1,2018,Summer,1.3149999999999977,0.004560000000000031,0.24216999999999994,72.10182999999999,6.5962,0.27484166666666665,14.743540822425997,83.59,0.08359,False,0.29600539846347873,0.08022916666666667
2018-01,72.344,1,2018,Summer,1.3149999999999977,0.004560000000000031,0.24216999999999994,72.10182999999999,6.5962,0.27484166666666665,14.743540822425997,88.41,0.08841,False,0.2809052032849812,0.08290666666666667
2018-01,72.344,1,2018,Summer,1.3149999999999977,0.004560000000000031,0.24216999999999994,72.10182999999999,6.5962,0.27484166666666665,14.743540822425997,296.67,0.29667,True,0.4511976322269723,0.1029175
2018-01,72.344,1,2018,Summer,1.3149999999999977,0.004560000000000031,0.24216999999999994,72.10182999999999,6.5962,0.27484166666666665,14.743540822425997,182.03,0.18203,False,0.4928494044248907,0.10984166666666666
2019-01,93.44,1,2019,Summer,1.4129999999999967,0.006574999999999989,0.33291999999999994,93.10708,7.5266,0.3136083333333333,21.724172198168,107.15,0.10715000000000001,False,0.4878142930010159,0.10842249999999999
2019-01,93.44,1,2019,Summer,1.4129999999999967,0.006574999999999989,0.33291999999999994,93.10708,7.5266,0.3136083333333333,21.724172198168,131.12,0.13112000000000001,False,0.4921253394631299,0.10931666666666666
2019-01,93.44,1,2019,Summer,1.4129999999999967,0.006574999999999989,0.33291999999999994,93.10708,7.5266,0.3136083333333333,21.724172198168,163.7,0.16369999999999998,False,0.4992815406240863,0.11743833333333333
2019-01,93.44,1,2019,Summer,1.4129999999999967,0.006574999999999989,0.33291999999999994,93.10708,7.5266,0.3136083333333333,21.724172198168,178.12,0.17812,False,0.49304125866470355,0.12714083333333334
2019-01,93.44,1,2019,Summer,1.4129999999999967,0.006574999999999989,0.33291999999999994,93.10708,7.5266,0.3136083333333333,21.724172198168,108.71,0.10870999999999999,False,0.45208482584498283,0.13118416666666666
2019-01,93.44,1,2019,Summer,1.4129999999999967,0.006574999999999989,0.33291999999999994,93.10708,7.5266,0.3136083333333333,21.724172198168,109.22,0.10922,False,0.3952653853457349,0.13541666666666666
2019-01,93.44,1,2019,Summer,1.4129999999999967,0.006574999999999989,0.33291999999999994,93.10708,7.5266,0.3136083333333333,21.724172198168,106.95,0.10695,False,0.39177354974366685,0.13606916666666666
2019-01,93.44,1,2019,Summer,1.4129999999999967,0.006574999999999989,0.33291999999999994,93.10708,7.5266,0.3136083333333333,21.724172198168,109.26,0.10926000000000001,False,0.36407675584591176,0.13874416666666667
2019-01,93.44,1,2019,Summer,1.4129999999999967,0.006574999999999989,0.33291999999999994,93.10708,7.5266,0.3136083333333333,21.724172198168,129.65,0.12965000000000002,False,0.33695968995086145,0.1425825
2019-01,93.44,1,2019,Summer,1.4129999999999967,0.006574999999999989,0.33291999999999994,93.10708,7.5266,0.3136083333333333,21.724172198168,124.3,0.1243,False,0.3117753677673129,0.14557333333333333
2019-01,93.44,1,2019,Summer,1.4129999999999967,0.006574999999999989,0.33291999999999994,93.10708,7.5266,0.3136083333333333,21.724172198168,125.52,0.12552,False,0.19908515407743965,0.13131083333333335
2019-01,93.44,1,2019,Summer,1.4129999999999967,0.006574999999999989,0.33291999999999994,93.10708,7.5266,0.3136083333333333,21.724172198168,107.32,0.10732,False,0.1723386333772128,0.125085
2020-01,117.849,1,2020,Summer,1.8370000000000033,0.007064999999999984,0.4384,117.4106,7.2122,0.3005083333333333,26.25045060892,33.49,0.03349,False,0.4148320955922818,0.11894666666666666
2020-01,117.849,1,2020,Summer,1.8370000000000033,0.007064999999999984,0.4384,117.4106,7.2122,0.3005083333333333,26.25045060892,87.69,0.08769,False,0.41711171352634024,0.11532750000000001
2020-01,117.849,1,2020,Summer,1.8370000000000033,0.007064999999999984,0.4384,117.4106,7.2122,0.3005083333333333,26.25045060892,66.85,0.06684999999999999,False,0.4164408748406122,0.10725666666666667
2020-01,117.849,1,2020,Summer,1.8370000000000033,0.007064999999999984,0.4384,117.4106,7.2122,0.3005083333333333,26.25045060892,65.09,0.06509000000000001,False,0.3911554847075304,0.09783750000000001
2020-01,117.849,1,2020,Summer,1.8370000000000033,0.007064999999999984,0.4384,117.4106,7.2122,0.3005083333333333,26.25045060892,46.02,0.046020000000000005,False,0.43484643672623974,0.09261333333333333
2020-01,117.849,1,2020,Summer,1.8370000000000033,0.007064999999999984,0.4384,117.4106,7.2122,0.3005083333333333,26.25045060892,126.78,0.12678,False,0.44433437560830163,0.09407666666666666
2020-01,117.849,1,2020,Summer,1.8370000000000033,0.007064999999999984,0.4384,117.4106,7.2122,0.3005083333333333,26.25045060892,160.0,0.16,False,0.47543598083100747,0.0984975
2020-01,117.849,1,2020,Summer,1.8370000000000033,0.007064999999999984,0.4384,117.4106,7.2122,0.3005083333333333,26.25045060892,148.67,0.14867,False,0.4947683309371034,0.10178166666666666
2020-01,117.849,1,2020,Summer,1.8370000000000033,0.007064999999999984,0.4384,117.4106,7.2122,0.3005083333333333,26.25045060892,114.61,0.11461,False,0.48832157958267886,0.10052833333333334
2020-01,117.849,1,2020,Summer,1.8370000000000033,0.007064999999999984,0.4384,117.4106,7.2122,0.3005083333333333,26.25045060892,134.65,0.13465,False,0.49341712584910646,0.10139083333333333
2020-01,117.849,1,2020,Summer,1.8370000000000033,0.007064999999999984,0.4384,117.4106,7.2122,0.3005083333333333,26.25045060892,122.11,0.12211,False,0.49190346507909133,0.10110666666666666
2020-01,117.849,1,2020,Summer,1.8370000000000033,0.007064999999999984,0.4384,117.4106,7.2122,0.3005083333333333,26.25045060892,96.76,0.09676,False,0.4898197721111151,0.10022666666666667
2021-01,150.839,1,2021,Summer,3.774000000000001,0.009185000000000016,0.5604450000000001,150.278555,7.3114,0.30464166666666664,34.061145437837006,114.14,0.11414,False,0.3772395456001005,0.10694750000000001
2021-01,150.839,1,2021,Summer,3.774000000000001,0.009185000000000016,0.5604450000000001,150.278555,7.3114,0.30464166666666664,34.061145437837006,136.09,0.13609000000000002,False,0.3837477822730978,0.11098083333333335
2021-01,150.839,1,2021,Summer,3.774000000000001,0.009185000000000016,0.5604450000000001,150.278555,7.3114,0.30464166666666664,34.061145437837006,243.41,0.24341,False,0.4257913126064538,0.12569416666666666
2021-01,150.839,1,2021,Summer,3.774000000000001,0.009185000000000016,0.5604450000000001,150.278555,7.3114,0.30464166666666664,34.061145437837006,252.05,0.25205,False,0.43683459321638424,0.14127416666666667
2021-01,150.839,1,2021,Summer,3.774000000000001,0.009185000000000016,0.5604450000000001,150.278555,7.3114,0.30464166666666664,34.061145437837006,270.17,0.27017,True,0.34172604547574087,0.15995333333333336
2021-01,150.839,1,2021,Summer,3.774000000000001,0.009185000000000016,0.5604450000000001,150.278555,7.3114,0.30464166666666664,34.061145437837006,292.21,0.29220999999999997,True,0.3850242380178487,0.17373916666666667
2021-01,150.839,1,2021,Summer,3.774000000000001,0.009185000000000016,0.5604450000000001,150.278555,7.3114,0.30464166666666664,34.061145437837006,259.81,0.25981,False,0.4083404164818586,0.18205666666666667
2021-01,150.839,1,2021,Summer,3.774000000000001,0.009185000000000016,0.5604450000000001,150.278555,7.3114,0.30464166666666664,34.061145437837006,182.17,0.18217,False,0.4068436639530756,0.1848483333333333
2021-01,150.839,1,2021,Summer,3.774000000000001,0.009185000000000016,0.5604450000000001,150.278555,7.3114,0.30464166666666664,34.061145437837006,116.0,0.116,False,0.4057707841685612,0.18496416666666668
2021-01,150.839,1,2021,Summer,3.774000000000001,0.009185000000000016,0.5604450000000001,150.278555,7.3114,0.30464166666666664,34.061145437837006,88.35,0.08835,False,0.4450558854049656,0.18110583333333333
2021-01,150.839,1,2021,Summer,3.774000000000001,0.009185000000000016,0.5604450000000001,150.278555,7.3114,0.30464166666666664,34.061145437837006,66.62,0.06662,False,0.5122086015242514,0.17648166666666668
2021-01,150.839,1,2021,Summer,3.774000000000001,0.009185000000000016,0.5604450000000001,150.278555,7.3114,0.30464166666666664,34.061145437837006,85.2,0.0852,False,0.5244000011724161,0.17551833333333333
2022-01,198.673,1,2022,Summer,4.631,0.018870000000000005,0.7253949999999999,197.947605,8.0959,0.3373291666666667,49.6794844749045,57.82,0.05782,False,0.5934161131679637,0.170825
2022-01,198.673,1,2022,Summer,4.631,0.018870000000000005,0.7253949999999999,197.947605,8.0959,0.3373291666666667,49.6794844749045,157.76,0.15775999999999998,False,0.5931465418712476,0.17263083333333332
2022-01,198.673,1,2022,Summer,4.631,0.018870000000000005,0.7253949999999999,197.947605,8.0959,0.3373291666666667,49.6794844749045,142.6,0.1426,False,0.5727660553422712,0.16423
2022-01,198.673,1,2022,Summer,4.631,0.018870000000000005,0.7253949999999999,197.947605,8.0959,0.3373291666666667,49.6794844749045,198.02,0.19802,False,0.554937161120342,0.1597275
2022-01,198.673,1,2022,Summer,4.631,0.018870000000000005,0.7253949999999999,197.947605,8.0959,0.3373291666666667,49.6794844749045,200.34,0.20034,False,0.528778562901718,0.15390833333333334
2022-01,198.673,1,2022,Summer,4.631,0.018870000000000005,0.7253949999999999,197.947605,8.0959,0.3373291666666667,49.6794844749045,217.14,0.21714,False,0.49580908714573607,0.1476525
2022-01,198.673,1,2022,Summer,4.631,0.018870000000000005,0.7253949999999999,197.947605,8.0959,0.3373291666666667,49.6794844749045,165.64,0.16563999999999998,False,0.456023519202206,0.139805
2022-01,198.673,1,2022,Summer,4.631,0.018870000000000005,0.7253949999999999,197.947605,8.0959,0.3373291666666667,49.6794844749045,102.26,0.10226,False,0.4459119488035855,0.13314583333333332
2022-01,198.673,1,2022,Summer,4.631,0.018870000000000005,0.7253949999999999,197.947605,8.0959,0.3373291666666667,49.6794844749045,45.15,0.045149999999999996,False,0.5309497493429779,0.12724166666666667
2022-01,198.673,1,2022,Summer,4.631,0.018870000000000005,0.7253949999999999,197.947605,8.0959,0.3373291666666667,49.6794844749045,54.86,0.05486,False,0.5675285149447142,0.12445083333333333
2022-01,198.673,1,2022,Summer,4.631,0.018870000000000005,0.7253949999999999,197.947605,8.0959,0.3373291666666667,49.6794844749045,74.23,0.07423,False,0.5598816179302099,0.125085
2022-01,198.673,1,2022,Summer,4.631,0.018870000000000005,0.7253949999999999,197.947605,8.0959,0.3373291666666667,49.6794844749045,39.18,0.03918,False,0.6318263423271746,0.12125000000000001
2023-01,268.532,1,2023,Summer,3.8589999999999804,0.023155000000000002,0.9645649999999999,267.567435,6.7822,0.28259166666666663,56.255571587366994,16.6,0.0166,False,0.8119104440353209,0.117815
2023-01,268.532,1,2023,Summer,3.8589999999999804,0.023155000000000002,0.9645649999999999,267.567435,6.7822,0.28259166666666663,56.255571587366994,116.01,0.11601,False,0.7982710950214686,0.11433583333333332
2023-01,268.532,1,2023,Summer,3.8589999999999804,0.023155000000000002,0.9645649999999999,267.567435,6.7822,0.28259166666666663,56.255571587366994,149.21,0.14921,False,0.8007399532195333,0.11488666666666665
2023-01,268.532,1,2023,Summer,3.8589999999999804,0.023155000000000002,0.9645649999999999,267.567435,6.7822,0.28259166666666663,56.255571587366994,148.54,0.14854,False,0.7791940334132228,0.11076333333333332
2023-01,268.532,1,2023,Summer,3.8589999999999804,0.023155000000000002,0.9645649999999999,267.567435,6.7822,0.28259166666666663,56.255571587366994,90.58,0.09058,False,0.735874177903653,0.10161666666666667
2023-01,268.532,1,2023,Summer,3.8589999999999804,0.023155000000000002,0.9645649999999999,267.567435,6.7822,0.28259166666666663,56.255571587366994,63.87,0.06387,False,0.6719658253656472,0.08884416666666667
2023-01,268.532,1,2023,Summer,3.8589999999999804,0.023155000000000002,0.9645649999999999,267.567435,6.7822,0.28259166666666663,56.255571587366994,86.27,0.08627,False,0.6265221485050243,0.08223000000000001
2023-01,268.532,1,2023,Summer,3.8589999999999804,0.023155000000000002,0.9645649999999999,267.567435,6.7822,0.28259166666666663,56.255571587366994,115.13,0.11513,False,0.6337545122220593,0.0833025
2023-01,268.532,1,2023,Summer,3.8589999999999804,0.023155000000000002,0.9645649999999999,267.567435,6.7822,0.28259166666666663,56.255571587366994,141.86,0.14186,False,0.6444824178607013,0.09136166666666667
2023-01,268.532,1,2023,Summer,3.8589999999999804,0.023155000000000002,0.9645649999999999,267.567435,6.7822,0.28259166666666663,56.255571587366994,120.32,0.12032,False,0.6445385066427703,0.09681666666666668
2023-01,268.532,1,2023,Summer,3.8589999999999804,0.023155000000000002,0.9645649999999999,267.567435,6.7822,0.28259166666666663,56.255571587366994,121.54,0.12154000000000001,False,0.6516949675100454,0.10075916666666668
2023-01,268.532,1,2023,Summer,3.8589999999999804,0.023155000000000002,0.9645649999999999,267.567435,6.7822,0.28259166666666663,56.255571587366994,142.38,0.14238,False,0.6124995943141928,0.10935916666666667
2024-01,384.136,1,2024,Summer,5.455000000000041,0.019294999999999903,1.3138599999999994,382.82214000000005,7.5382,0.31409166666666666,89.459485528188,177.46,0.17746,False,0.28451131598397217,0.12276416666666666
2024-01,384.136,1,2024,Summer,5.455000000000041,0.019294999999999903,1.3138599999999994,382.82214000000005,7.5382,0.31409166666666666,89.459485528188,194.4,0.19440000000000002,False,0.31793649991327194,0.12929666666666667
2024-01,384.136,1,2024,Summer,5.455000000000041,0.019294999999999903,1.3138599999999994,382.82214000000005,7.5382,0.31409166666666666,89.459485528188,152.89,0.15289,False,0.3193111682786161,0.12960333333333335
2024-01,384.136,1,2024,Summer,5.455000000000041,0.019294999999999903,1.3138599999999994,382.82214000000005,7.5382,0.31409166666666666,89.459485528188,220.63,0.22063,False,0.3577083678534304,0.13561083333333332
2024-01,384.136,1,2024,Summer,5.455000000000041,0.019294999999999903,1.3138599999999994,382.82214000000005,7.5382,0.31409166666666666,89.459485528188,224.53,0.22453,False,0.373183345368959,0.14677333333333334
2024-01,384.136,1,2024,Summer,5.455000000000041,0.019294999999999903,1.3138599999999994,382.82214000000005,7.5382,0.31409166666666666,89.459485528188,302.16,0.30216000000000004,True,0.34962261596126193,0.16663083333333334
2024-01,384.136,1,2024,Summer,5.455000000000041,0.019294999999999903,1.3138599999999994,382.82214000000005,7.5382,0.31409166666666666,89.459485528188,263.78,0.26377999999999996,False,0.32266210960312297,0.18142333333333335
2024-01,384.136,1,2024,Summer,5.455000000000041,0.019294999999999903,1.3138599999999994,382.82214000000005,7.5382,0.31409166666666666,89.459485528188,367.55,0.36755,True,0.36153879969175995,0.20245833333333332
2024-01,384.136,1,2024,Summer,5.455000000000041,0.019294999999999903,1.3138599999999994,382.82214000000005,7.5382,0.31409166666666666,89.459485528188,468.11,0.46811,True,0.43090410778166105,0.22964583333333333
2024-01,384.136,1,2024,Summer,5.455000000000041,0.019294999999999903,1.3138599999999994,382.82214000000005,7.5382,0.31409166666666666,89.459485528188,76.37,0.07637000000000001,False,0.49902487338687246,0.2259833333333333
2024-01,384.136,1,2024,Summer,5.455000000000041,0.019294999999999903,1.3138599999999994,382.82214000000005,7.5382,0.31409166666666666,89.459485528188,56.04,0.05604,False,0.6089184807232839,0.220525
2024-01,384.136,1,2024,Summer,5.455000000000041,0.019294999999999903,1.3138599999999994,382.82214000000005,7.5382,0.31409166666666666,89.459485528188,30.53,0.03053,False,0.805493111105592,0.21120416666666664
2025-01,572.114,1,2025,Summer,7.108000000000061,0.027275000000000205,1.89188,570.22212,6.9857,0.29107083333333333,123.48542057420401,30.35,0.030350000000000002,False,0.9428993479656765,0.198945
2025-01,572.114,1,2025,Summer,7.108000000000061,0.027275000000000205,1.89188,570.22212,6.9857,0.29107083333333333,123.48542057420401,117.03,0.11703,False,0.939619865845806,0.1924975
2025-01,572.114,1,2025,Summer,7.108000000000061,0.027275000000000205,1.89188,570.22212,6.9857,0.29107083333333333,123.48542057420401,265.83,0.26583,False,0.9584363036866739,0.2019091666666667
2025-01,572.114,1,2025,Summer,7.108000000000061,0.027275000000000205,1.89188,570.22212,6.9857,0.29107083333333333,123.48542057420401,290.68,0.29068,True,0.9726798598355202,0.20774666666666666
2025-01,572.114,1,2025,Summer,7.108000000000061,0.027275000000000205,1.89188,570.22212,6.9857,0.29107083333333333,123.48542057420401,326.08,0.32608,True,0.9929684402813413,0.21620916666666667
2025-01,572.114,1,2025,Summer,7.108000000000061,0.027275000000000205,1.89188,570.22212,6.9857,0.29107083333333333,123.48542057420401,204.88,0.20488,False,0.9748542597763433,0.2081025
2025-01,572.114,1,2025,Summer,7.108000000000061,0.027275000000000205,1.89188,570.22212,6.9857,0.29107083333333333,123.48542057420401,124.98,0.12498000000000001,False,0.9582140619277868,0.19653583333333333
2025-01,572.114,1,2025,Summer,7.108000000000061,0.027275000000000205,1.89188,570.22212,6.9857,0.29107083333333333,123.48542057420401,105.09,0.10509,False,0.9095416311329912,0.17466416666666665
2025-01,572.114,1,2025,Summer,7.108000000000061,0.027275000000000205,1.89188,570.22212,6.9857,0.29107083333333333,123.48542057420401,177.11,0.17711000000000002,False,0.8202641785641211,0.15041416666666665
2025-01,572.114,1,2025,Summer,7.108000000000061,0.027275000000000205,1.89188,570.22212,6.9857,0.29107083333333333,123.48542057420401,114.94,0.11494,False,0.8099886795381618,0.15362833333333334
2025-01,572.114,1,2025,Summer,7.108000000000061,0.027275000000000205,1.89188,570.22212,6.9857,0.29107083333333333,123.48542057420401,30.38,0.030379999999999997,False,0.8783623503622441,0.15149
2025-01,572.114,1,2025,Summer,7.108000000000061,0.027275000000000205,1.89188,570.22212,6.9857,0.29107083333333333,123.48542057420401,63.26,0.06326,False,0.8011695528020948,0.1542175
