date,capacity_mw,month,year,season,mwincrease,decay,sumdecay,adjustedcapacity,ghi_kwh_m2_day,capacity_factor,generation_gwh
2013-08,5.76,8,2013,Winter,,,,5.76,2.3194,0.096641667,0.41415206399999993
2013-09,6.574,9,2013,Spring,0.8140000000000001,,,6.574,3.7044,0.15435000000000001,0.730581768
2013-10,7.123,10,2013,Spring,0.5490000000000004,,,7.123,4.721,0.19670833333333335,1.042458173
2013-11,8.006,11,2013,Spring,0.883,,,8.006,5.6496,0.23540000000000003,1.356920928
2013-12,8.62,12,2013,Summer,0.614,,,8.62,6.3101,0.2629208333333333,1.6861849219999998
2014-01,9.34,1,2014,Summer,0.7200000000000006,,,9.34,6.4918,0.27049166666666663,1.8796357719999999
2014-02,10.333,2,2014,Summer,0.9930000000000003,,,10.333,6.173,0.2572083333333333,1.785997052
2014-03,11.487,3,2014,Autumn,1.154,,,11.487,4.8202,0.20084166666666667,1.716458759
2014-04,12.338,4,2014,Autumn,0.8509999999999991,,,12.338,2.5884,0.10785,0.9580703759999999
2014-05,13.213,5,2014,Autumn,0.875,,,13.213,2.2102,0.092091667,0.9053045505999999
2014-06,14.306,6,2014,Winter,1.093,,,14.306,1.5091,0.062879167,0.647675538
2014-07,15.466,7,2014,Winter,1.1600000000000001,,,15.466,1.9294,0.080391667,0.9250431123999999
2014-08,16.588,8,2014,Winter,1.1220000000000017,,,16.588,2.7679,0.11532916666666666,1.423331681
2014-09,17.642,9,2014,Spring,1.0539999999999985,0.00407,0.00407,17.63793,3.8251,0.15937916666666666,2.024005381
2014-10,19.14,10,2014,Spring,1.498000000000001,0.002745,0.006815,19.133185,5.4271,0.2261291666666667,3.2189689577185003
2014-11,20.887,11,2014,Spring,1.7469999999999999,0.004415,0.011230000000000004,20.87577,6.5443,0.27267916666666664,4.098519048329999
2014-12,22.085,12,2014,Summer,1.1980000000000004,0.00307,0.014299999999999998,22.070700000000002,6.1056,0.2544,4.177400844
2015-01,23.132,1,2015,Summer,1.0470000000000006,0.0036,0.017900000000000003,23.1141,7.3565,0.3065208333333333,5.271205176
2015-02,24.141,2,2015,Summer,1.0089999999999968,0.004965,0.022865000000000003,24.118135,6.2263,0.25942916666666666,4.204668831
2015-03,25.226,3,2015,Autumn,1.0850000000000009,0.00577,0.028635000000000004,25.197364999999998,4.4791,0.18662916666666665,3.4987070447164994
2015-04,26.195,4,2015,Autumn,0.9690000000000012,0.004255,0.03289,26.162110000000002,2.8596,0.11914999999999999,2.2443950926800005
2015-05,27.167,5,2015,Autumn,0.9720000000000013,0.004375,0.037265000000000006,27.129735,2.2608,0.0942,1.9013820515280002
2015-06,28.547,6,2015,Winter,1.379999999999999,0.005465,0.042730000000000004,28.50427,1.6382,0.068258333,1.4008708534200003
2015-07,30.104,7,2015,Winter,1.5569999999999986,0.0058,0.048530000000000004,30.05547,1.9075,0.079479167,1.7772550797750002
2015-08,31.532,8,2015,Winter,1.4280000000000008,0.00561,0.054140000000000015,31.47786,2.5502,0.10625833333333333,2.4885199957319997
2015-09,33.101,9,2015,Spring,1.568999999999999,0.00527,0.059410000000000004,33.04159,4.0327,0.16802916666666667,3.9974045997900003
2015-10,34.194,10,2015,Spring,1.0930000000000035,0.00749,0.0669,34.127100000000006,5.4823,0.22842916666666668,5.799945010230001
2015-11,35.632,11,2015,Spring,1.4379999999999953,0.008735,0.075635,35.556365,6.365,0.2652083333333333,6.789487897
2015-12,37.45,12,2015,Summer,1.818000000000005,0.00599,0.081625,37.368375,7.0706,0.2946083333333333,8.190721800524999
2016-01,38.376,1,2016,Summer,0.9259999999999948,0.005235,0.08686,38.289139999999996,6.2045,0.25852083333333337,7.364514043030001
2016-02,39.957,2,2016,Summer,1.581000000000003,0.005045,0.091905,39.865095000000004,6.4666,0.26944166666666663,7.475957076483001
2016-03,41.123,3,2016,Autumn,1.1659999999999968,0.005425,0.09733,41.02567,4.6985,0.19577083333333334,5.9755324253449995
2016-04,42.366,4,2016,Autumn,1.243000000000002,0.004845,0.10217499999999999,42.263825,3.5614,0.14839166666666667,4.5155515906499994
2016-05,43.654,5,2016,Autumn,1.2880000000000038,0.00486,0.10703499999999999,43.546965,1.9771,0.082379167,2.66899784
2016-06,45.079,6,2016,Winter,1.4249999999999972,0.0069,0.11393499999999998,44.965065,1.6135,0.067229167,2.176533971
2016-07,46.245,7,2016,Winter,1.1659999999999968,0.007785,0.12171999999999997,46.123279999999994,1.9754,0.082308333,2.8244697466719995
2016-08,47.671,8,2016,Winter,1.426000000000002,0.00714,0.12885999999999997,47.542139999999996,2.7542,0.11475833333333334,4.059157422
2016-09,49.013,9,2016,Spring,1.3419999999999987,0.007845,0.13670499999999997,48.876295,3.5614,0.14839166666666667,5.222041110389999
2016-10,50.573,10,2016,Spring,1.5600000000000023,0.005465,0.14217,50.43083,5.2615,0.21922916666666667,8.225596173
2016-11,51.934,11,2016,Spring,1.360999999999997,0.00719,0.14935999999999997,51.784639999999996,5.6088,0.2337,8.713490665
2016-12,53.282,12,2016,Summer,1.347999999999999,0.00909,0.15844999999999998,53.123549999999994,6.6062,0.2752583333333333,10.879288676309999
2017-01,54.194,1,2017,Summer,0.9120000000000061,0.00463,0.16307999999999995,54.03092,6.5568,0.2732,10.98236802
2017-02,55.266,2,2017,Summer,1.0719999999999956,0.007905,0.17098499999999997,55.095015,5.6882,0.23700833333333335,8.774961001
2017-03,56.645,3,2017,Autumn,1.3790000000000049,0.00583,0.17681499999999994,56.468185000000005,4.3466,0.18110833333333332,7.608783000550999
2017-04,57.825,4,2017,Autumn,1.1799999999999997,0.006215,0.18302999999999994,57.64197,2.7607,0.11502916666666667,4.773965597
2017-05,59.019,5,2017,Autumn,1.1939999999999955,0.00644,0.18946999999999997,58.82953,2.2481,0.093670833,4.099894658
2017-06,60.942,6,2017,Winter,1.9230000000000018,0.007125,0.19659499999999996,60.745405,1.7719,0.073829167,3.229043494
2017-07,62.638,7,2017,Winter,1.695999999999998,0.00583,0.20242499999999994,62.435575,1.8122,0.075508333,3.5075182194649996
2017-08,64.411,8,2017,Winter,1.7730000000000032,0.00713,0.20955499999999994,64.201445,2.5169,0.10487083333333334,5.009247124535501
2017-09,65.897,9,2017,Spring,1.4860000000000042,0.00671,0.21626499999999993,65.680735,3.4598,0.14415833333333333,6.8172662085899995
2017-10,67.604,10,2017,Spring,1.7069999999999936,0.0078,0.22406499999999993,67.379935,5.0534,0.21055833333333332,10.55543067
2017-11,69.524,11,2017,Spring,1.9200000000000017,0.006805,0.2308699999999999,69.29313,6.3917,0.26632083333333334,13.287026970630002
2017-12,71.029,12,2017,Summer,1.5049999999999955,0.00674,0.2376099999999999,70.79138999999999,7.4808,0.31170000000000003,16.41686314
2018-01,72.344,1,2018,Summer,1.3149999999999977,0.00456,0.24216999999999994,72.10182999999999,5.975,0.2489583333333333,13.355061461749997
2018-02,73.778,2,2018,Summer,1.4340000000000117,0.00536,0.24752999999999992,73.53047000000001,5.4494,0.22705833333333333,11.219514410104003
2018-03,75.396,3,2018,Autumn,1.617999999999995,0.006895,0.25442499999999996,75.141575,4.3166,0.17985833333333334,10.055039801995001
2018-04,76.67,4,2018,Autumn,1.274000000000001,0.0059,0.260325,76.40967500000001,3.0204,0.12585,6.923633471
2018-05,78.247,5,2018,Autumn,1.5769999999999982,0.00597,0.26629499999999995,77.980705,2.0263,0.084429167,4.8983813787865005
2018-06,79.679,6,2018,Winter,1.4320000000000022,0.009615,0.27590999999999993,79.40309,1.6428,0.06845,3.913301888
2018-07,81.38,7,2018,Winter,1.7009999999999934,0.00848,0.2843899999999999,81.09561,1.7616,0.0734,4.428598824
2018-08,82.905,8,2018,Winter,1.5250000000000057,0.008865,0.29325499999999993,82.611745,2.5459,0.10607916666666667,6.5199584894605005
2018-09,85.177,9,2018,Spring,2.2720000000000056,0.00743,0.300685,84.876315,4.175,0.17395833333333333,10.630758453750001
2018-10,87.72,10,2018,Spring,2.542999999999992,0.008535,0.30921999999999994,87.41078,5.3114,0.22130833333333333,14.39248212
2018-11,90.216,11,2018,Spring,2.495999999999995,0.0096,0.31881999999999994,89.89717999999999,5.7686,0.24035833333333334,15.55742618
2018-12,92.027,12,2018,Summer,1.811000000000007,0.007525,0.32634499999999994,91.700655,6.0422,0.25175833333333336,17.176284626871002
2019-01,93.44,1,2019,Summer,1.4129999999999967,0.006575,0.33291999999999994,93.10708,7.5355,0.31397916666666664,21.74986044
2019-02,95.128,2,2019,Summer,1.6880000000000024,0.00717,0.34009,94.78791,6.6439,0.2768291666666667,17.633319066972003
2019-03,97.308,3,2019,Autumn,2.180000000000007,0.00809,0.34818,96.95982000000001,4.3183,0.17992916666666667,12.979749311886001
2019-04,99.496,4,2019,Autumn,2.187999999999988,0.00637,0.35455,99.14144999999999,3.3058,0.13774166666666668,9.832254162
2019-05,102.166,5,2019,Autumn,2.6700000000000017,0.007885,0.36243499999999995,101.80356499999999,2.2757,0.094820833,7.181905559
2019-06,103.799,6,2019,Winter,1.6330000000000098,0.00716,0.36959499999999995,103.429405,1.7102,0.071258333,5.3065490529299995
2019-07,105.861,7,2019,Winter,2.0619999999999976,0.008505,0.37809999999999994,105.4829,1.6142,0.067258333,5.2783854125800005
2019-08,107.583,8,2019,Winter,1.7219999999999942,0.007625,0.385725,107.197275,2.7614,0.11505833333333333,9.176451211
2019-09,109.466,9,2019,Spring,1.8829999999999956,0.011360000000000028,0.397085,109.06891499999999,3.8381,0.15992083333333332,12.55852208
2019-10,111.738,10,2019,Spring,2.2720000000000056,0.012715,0.4098,111.3282,5.2375,0.21822916666666667,18.07552487
2019-11,113.835,11,2019,Spring,2.096999999999994,0.012479999999999975,0.42228,113.41272,6.2834,0.26180833333333337,21.37852455
2019-12,116.012,12,2019,Summer,2.1770000000000067,0.009055,0.431335,115.580665,6.3677,0.26532083333333334,22.815473016135495
2020-01,117.849,1,2020,Summer,1.8370000000000033,0.007065,0.4384,117.4106,7.061,0.29420833333333335,25.700123644600005
2020-02,119.854,2,2020,Summer,2.0049999999999955,0.00844,0.44684,119.40716,6.0425,0.25177083333333333,20.924015164700002
2020-03,121.525,3,2020,Autumn,1.6710000000000065,0.010900000000000035,0.45774000000000004,121.06726,4.5859,0.19107916666666666,17.211272776654003
2020-04,124.871,4,2020,Autumn,3.3459999999999894,0.010939999999999941,0.46868,124.40231999999999,3.42,0.1425,12.763678031999998
2020-05,126.885,5,2020,Autumn,2.014,0.01335,0.48203,126.40297000000001,2.142,0.08925,8.393410014
2020-06,129.421,6,2020,Winter,2.535999999999987,0.008165,0.49019500000000005,128.930805,1.5576,0.0649,6.024678656
2020-07,132.258,7,2020,Winter,2.8370000000000175,0.010309999999999988,0.5005050000000001,131.757495,1.8828,0.07845,7.690263359166002
2020-08,135.09,8,2020,Winter,2.8319999999999936,0.00861,0.5091150000000001,134.580885,2.7761,0.11567083333333333,11.581909840303501
2020-09,137.881,9,2020,Spring,2.790999999999997,0.009415,0.51853,137.36247,4.0798,0.16999166666666665,16.81234215
2020-10,141.31,10,2020,Spring,3.429000000000002,0.011360000000000028,0.5298900000000001,140.78011,4.6879,0.19532916666666666,20.45885541
2020-11,144.009,11,2020,Spring,2.698999999999984,0.010484999999999972,0.540375,143.46862499999997,5.1967,0.21652916666666666,22.366902106124996
2020-12,147.065,12,2020,Summer,3.0560000000000116,0.010885000000000034,0.5512600000000001,146.51373999999998,6.5496,0.2729,29.747798136623995
2021-01,150.839,1,2021,Summer,3.774000000000001,0.009185,0.5604450000000001,150.278555,6.9571,0.28987916666666663,32.41059098
2021-02,153.437,2,2021,Summer,2.598000000000013,0.010024999999999977,0.57047,152.86653,6.2957,0.26232083333333334,26.947250761788005
2021-03,157.455,3,2021,Autumn,4.018000000000001,0.008355,0.578825,156.87617500000002,4.3548,0.18145,21.178095373590004
2021-04,160.484,4,2021,Autumn,3.0289999999999964,0.016729999999999946,0.595555,159.88844500000002,3.1505,0.13127083333333334,15.111856379175002
2021-05,164.948,5,2021,Autumn,4.463999999999999,0.01007,0.605625,164.342375,2.1266,0.088608333,10.83420533
2021-06,170.265,6,2021,Winter,5.316999999999979,0.012679999999999936,0.6183049999999999,169.646695,1.4455,0.060229167,7.356728929
2021-07,173.856,7,2021,Winter,3.591000000000008,0.014185000000000088,0.63249,173.22351,1.8528,0.0772,9.949404099168001
2021-08,176.161,8,2021,Winter,2.305000000000007,0.014159999999999968,0.64665,175.51435,2.5018,0.10424166666666666,13.61215583
2021-09,179.197,9,2021,Spring,3.0360000000000014,0.013954999999999985,0.6606049999999999,178.536395,3.8712,0.1613,20.73450277
2021-10,183.165,10,2021,Spring,3.9679999999999893,0.017145,0.6777499999999999,182.48725,5.0006,0.20835833333333334,28.28891801
2021-11,189.047,11,2021,Spring,5.882000000000005,0.013495,0.6912449999999998,188.355755,6.0041,0.25017083333333334,33.92720365786499
2021-12,194.042,12,2021,Summer,4.9950000000000045,0.01528,0.7065249999999998,193.335475,5.8798,0.2449916666666667,35.239991703055004
2022-01,198.673,1,2022,Summer,4.631,0.018870000000000005,0.7253949999999999,197.947605,7.5034,0.31264166666666665,46.043681840066995
2022-02,204.008,2,2022,Summer,5.335000000000008,0.012990000000000066,0.738385,203.26961500000002,4.6781,0.19492083333333332,26.625636406082002
2022-03,210.315,3,2022,Autumn,6.306999999999988,0.020090000000000004,0.758475,209.556525,4.9358,0.20565833333333336,32.06420197894501
2022-04,215.702,4,2022,Autumn,5.3870000000000005,0.015144999999999981,0.77362,214.92838,3.4675,0.14447916666666666,22.35792473
2022-05,221.584,5,2022,Autumn,5.882000000000005,0.022319999999999993,0.79594,220.78806,2.1689,0.090370833,14.84488392
2022-06,226.452,6,2022,Winter,4.867999999999995,0.026584999999999893,0.8225249999999998,225.62947499999999,1.4856,0.061900000000000004,10.05585444
2022-07,231.827,7,2022,Winter,5.375,0.017955,0.8404799999999999,230.98651999999998,1.5749,0.065620833,11.27720078
2022-08,238.979,8,2022,Winter,7.152000000000015,0.011525000000000033,0.8520049999999999,238.12699500000002,2.472,0.103,18.248147880839998
2022-09,245.994,9,2022,Spring,7.014999999999986,0.015180000000000008,0.8671849999999999,245.126815,3.5498,0.14790833333333334,26.10453504
2022-10,251.225,10,2022,Spring,5.2309999999999945,0.019839999999999948,0.8870249999999998,250.337975,5.0885,0.21202083333333333,39.489188359412495
2022-11,258.512,11,2022,Spring,7.287000000000006,0.029410000000000026,0.9164349999999999,257.595565,5.9143,0.24642916666666667,45.70492350238501
2022-12,264.673,12,2022,Summer,6.161000000000001,0.024975000000000025,0.9414099999999999,263.73159,6.5539,0.27307916666666665,53.582584498730995
2023-01,268.532,1,2023,Summer,3.8589999999999804,0.023155000000000002,0.9645649999999999,267.567435,6.0946,0.2539416666666667,50.55221117
2023-02,273.789,2,2023,Summer,5.257000000000005,0.026675,0.9912399999999999,272.79776,5.3189,0.22162083333333335,40.627552158591996
2023-03,273.097,3,2023,Autumn,-0.692,0.031535,1.0227749999999998,272.07422499999996,4.8166,0.20069166666666668,40.624654076184996
2023-04,279.096,4,2023,Autumn,5.999000000000024,0.026935000000000004,1.0497099999999997,278.04629,3.0022,0.12509166666666668,25.04251716
2023-05,286.464,5,2023,Autumn,7.367999999999995,0.029410000000000026,1.0791199999999996,285.38488,1.7897,0.074570833,15.833352911816002
2023-06,293.046,6,2023,Winter,6.581999999999994,0.024339999999999976,1.1034599999999997,291.94254,1.7189,0.071620833,15.054600960180002
2023-07,299.186,7,2023,Winter,6.139999999999986,0.026875,1.1303349999999996,298.055665,2.0642,0.086008333,19.07264161
2023-08,307.013,8,2023,Winter,7.826999999999998,0.035760000000000076,1.1660949999999997,305.846905,2.9635,0.12347916666666665,28.097696391992496
2023-09,313.393,9,2023,Spring,6.3799999999999955,0.035075,1.2011699999999996,312.19183,3.69,0.15375,34.55963558
2023-10,322.556,10,2023,Spring,9.163000000000011,0.026154999999999973,1.2273249999999996,321.328675,5.5906,0.23294166666666669,55.68902280410501
2023-11,371.545,11,2023,Spring,48.98900000000003,0.036435,1.2637599999999996,370.28124,6.1334,0.25555833333333333,68.13248872
2023-12,378.681,12,2023,Summer,7.135999999999967,0.030805000000000006,1.2945649999999995,377.386435,6.2714,0.2613083333333333,73.36897994222899
2024-01,384.136,1,2024,Summer,5.455000000000041,0.019294999999999903,1.3138599999999994,382.82214000000005,7.327,0.3052916666666667,86.95307241318001
2024-02,391.712,2,2024,Summer,7.575999999999965,0.026285000000000027,1.3401449999999995,390.371855,6.4841,0.2701708333333333,73.40509420515949
2024-03,399.956,3,2024,Autumn,8.244000000000028,-0.00346,1.3366849999999995,398.61931500000003,4.8283,0.20117916666666666,59.6642628
2024-04,409.551,4,2024,Autumn,9.595,0.029995,1.3666799999999997,408.18432,3.0804,0.12835,37.721129379839994
2024-05,426.317,5,2024,Autumn,16.76600000000002,0.03684,1.4035199999999997,424.91348,2.3741,0.098920833,31.27239988
2024-06,434.52,6,2024,Winter,8.202999999999975,0.03291,1.4364299999999997,433.08357,1.5528,0.0647,20.17476502
2024-07,442.573,7,2024,Winter,8.052999999999997,0.030699999999999932,1.4671299999999996,441.10587,1.9471,0.081129167,26.625194423786997
2024-08,449.691,8,2024,Winter,7.117999999999995,0.039135,1.5062649999999995,448.184735,2.7017,0.11257083333333334,37.536681655034506
2024-09,461.315,9,2024,Spring,11.624000000000024,0.0319,1.5381649999999996,459.776835,4.0356,0.16815,55.66426186
2024-10,475.766,10,2024,Spring,14.451000000000022,0.045815,1.5839799999999997,474.18202,4.7482,0.19784166666666667,69.79684309
2024-11,532.703,11,2024,Spring,56.936999999999955,0.24494500000000016,1.828925,530.874075,5.9784,0.2491,95.21332709939999
2024-12,565.006,12,2024,Summer,32.303,0.03568,1.8646049999999998,563.141395,6.8789,0.2866208333333333,120.0875936040305
2025-01,572.114,1,2025,Summer,7.108000000000061,0.027275000000000205,1.89188,570.22212,6.3631,0.2651291666666667,112.47979152493203
2025-02,581.608,2,2025,Summer,9.493999999999915,0.037879999999999824,1.92976,579.67824,6.0958,0.25399166666666667,98.94087323
2025-03,606.036,3,2025,Autumn,24.427999999999997,0.04122,1.97098,604.0650199999999,4.997,0.20820833333333333,93.57390005313998
2025-04,614.637,4,2025,Autumn,8.600999999999999,0.047975,2.0189549999999996,612.6180449999999,2.7708,0.11545,50.92326237257999
2025-05,646.856,5,2025,Autumn,32.21900000000005,0.08383,2.102785,644.753215,2.1454,0.089391667,42.880859971290995
2025-06,656.155,6,2025,Winter,9.298999999999978,0.041015,2.1437999999999997,654.0111999999999,1.577,0.065708333,30.941269871999992
2025-07,685.126,7,2025,Winter,28.971000000000004,0.040265,2.1840649999999995,682.941935,1.8127,0.075529167,38.37703421280949
2025-08,737.497,8,2025,Winter,52.37099999999998,0.035589999999999976,2.2196549999999995,735.277345,3.0276,0.12615,69.00989638
2025-09,772.184,9,2025,Spring,34.68700000000001,0.058120000000000116,2.2777749999999997,769.906225,4.0454,0.16855833333333334,93.43735927844999
2025-10,791.118,10,2025,Spring,18.934000000000083,0.072255,2.35003,788.7679700000001,5.0993,0.21247083333333336,124.68709979205104
2025-11,835.716,11,2025,Spring,44.597999999999956,0.2846849999999998,2.6347149999999995,833.081285,6.4058,0.26690833333333336,160.0965629
